{
  "backend": "minilm",
  "best_model": "lightgbm",
  "n_train": 6940,
  "n_test": 1735,
  "train_malicious_frac": 0.4,
  "results": [
    {
      "model": "logreg",
      "precision": 0.9617083946980854,
      "recall": 0.9409221902017291,
      "f1": 0.9512017479970867,
      "accuracy": 0.9613832853025936,
      "roc_auc": 0.9921475969404281,
      "confusion_matrix": [
        [
          1015,
          26
        ],
        [
          41,
          653
        ]
      ]
    },
    {
      "model": "mlp",
      "precision": 0.9743589743589743,
      "recall": 0.930835734870317,
      "f1": 0.9521002210759028,
      "accuracy": 0.962536023054755,
      "roc_auc": 0.99083817101158,
      "confusion_matrix": [
        [
          1024,
          17
        ],
        [
          48,
          646
        ]
      ]
    },
    {
      "model": "lightgbm",
      "precision": 0.9892638036809815,
      "recall": 0.9293948126801153,
      "f1": 0.9583952451708767,
      "accuracy": 0.9677233429394813,
      "roc_auc": 0.9944384002303261,
      "confusion_matrix": [
        [
          1034,
          7
        ],
        [
          49,
          645
        ]
      ]
    },
    {
      "model": "keyword_baseline",
      "precision": 0.8717948717948718,
      "recall": 0.19596541786743515,
      "f1": 0.32,
      "accuracy": 0.6668587896253603,
      "roc_auc": 0.5883765609990393,
      "confusion_matrix": [
        [
          1021,
          20
        ],
        [
          558,
          136
        ]
      ]
    }
  ]
}